<?xml version="1.0" encoding="UTF-8"?>
<persistence version="2.1" xmlns="http://xmlns.jcp.org/xml/ns/persistence" xmlns:xsi="http://www.w3.org/2001/XMLSchema-instance" xsi:schemaLocation="http://xmlns.jcp.org/xml/ns/persistence http://xmlns.jcp.org/xml/ns/persistence/persistence_2_1.xsd">
	<persistence-unit name="backend">
		<provider>org.hibernate.ejb.HibernatePersistence</provider>
		<jta-data-source>java:/mysql</jta-data-source>
		
		<class>EmployeeEntity.java</class>

		<properties>	
			<property name="hibernate.dialect" value="org.hibernate.dialect.MySQLDialect"/>
			<property name="hibernate.show_sql" value="true" />
             <property name="hibernate.hbm2ddl.auto" value="create" />

		</properties>
	</persistence-unit>
</persistence>
